{"name": "Rogue Legacy 2", "link": "https://store.steampowered.com/app/1253920/Rogue_Legacy_2/?snr=1_7_7_globaltopsellers_150_1", "time": "28 Apr  2022", "evaluate": "Very Positive 90% of the 4 208 user reviews for this game are positive.", "discount": "-20%", "price": "S$22.00S$17.60"},
{"name": "ELDEN RING", "link": "https://store.steampowered.com/app/1245620/ELDEN_RING/?snr=1_7_7_globaltopsellers_150_1", "time": "24 Feb  2022", "evaluate": "Very Positive 89% of the 351 220 user reviews for this game are positive.", "discount": "No discount for now", "price": "S$79.90"},
{"name": "MONSTER HUNTER RISE", "link": "https://store.steampowered.com/app/1446780/MONSTER_HUNTER_RISE/?snr=1_7_7_globaltopsellers_150_1", "time": "12 Jan  2022", "evaluate": "Very Positive 87% of the 17 693 user reviews for this game are positive.", "discount": "-50%", "price": "S$81.00S$40.50"},
{"name": "The Stanley Parable: Ultra Deluxe", "link": "https://store.steampowered.com/app/1703340/The_Stanley_Parable_Ultra_Deluxe/?snr=1_7_7_globaltopsellers_150_1", "time": "27 Apr  2022", "evaluate": "Overwhelmingly Positive 95% of the 4 499 user reviews for this game are positive.", "discount": "No discount for now", "price": "S$22.00"},
{"name": "Dune: Spice Wars", "link": "https://store.steampowered.com/app/1605220/Dune_Spice_Wars/?snr=1_7_7_globaltopsellers_150_1", "time": "26 Apr  2022", "evaluate": "Very Positive 82% of the 1 383 user reviews for this game are positive.", "discount": "No discount for now", "price": "S$29.99"},
{"name": "Dying Light 2 Stay Human", "link": "https://store.steampowered.com/app/534380/Dying_Light_2_Stay_Human/?snr=1_7_7_globaltopsellers_150_1", "time": "3 Feb  2022", "evaluate": "Mostly Positive 79% of the 69 978 user reviews for this game are positive.", "discount": "-20%", "price": "S$79.90S$63.92"},
{"name": "Dorfromantik", "link": "https://store.steampowered.com/app/1455840/Dorfromantik/?snr=1_7_7_globaltopsellers_150_1", "time": "28 Apr  2022", "evaluate": "Overwhelmingly Positive 97% of the 12 979 user reviews for this game are positive.", "discount": "-30%", "price": "S$14.00S$9.80"},
{"name": "Sekiro™: Shadows Die Twice - GOTY Edition", "link": "https://store.steampowered.com/app/814380/Sekiro_Shadows_Die_Twice__GOTY_Edition/?snr=1_7_7_globaltopsellers_150_1", "time": "21 Mar  2019", "evaluate": "Very Positive 94% of the 126 103 user reviews for this game are positive.", "discount": "No discount for now", "price": "S$69.90"},
{"name": "Nioh 2 – The Complete Edition", "link": "https://store.steampowered.com/app/1325200/Nioh_2__The_Complete_Edition/?snr=1_7_7_globaltopsellers_150_1", "time": "5 Feb  2021", "evaluate": "Very Positive 88% of the 19 930 user reviews for this game are positive.", "discount": "-35%", "price": "S$67.90S$44.13"},
{"name": "Cyberpunk 2077", "link": "https://store.steampowered.com/app/1091500/Cyberpunk_2077/?snr=1_7_7_globaltopsellers_150_1", "time": "9 Dec  2020", "evaluate": "Mostly Positive 76% of the 430 810 user reviews for this game are positive.  This product has experienced one or more periods of off-topic review activity.  Based on your preferences  the reviews within these periods have been excluded from this product's Review Score.", "discount": "-50%", "price": "S$69.00S$34.50"},
{"name": "Grand Theft Auto V: Premium Edition", "link": "https://store.steampowered.com/bundle/5699/Grand_Theft_Auto_V_Premium_Edition/?snr=1_7_7_globaltopsellers_150_1", "time": "See link for details", "evaluate": "Very Positive 84% of the 1 208 689 user reviews for games in this bundle are positive.", "discount": "No discount for now", "price": "S$20.64"},
{"name": "King Arthur: Knight's Tale", "link": "https://store.steampowered.com/app/1157390/King_Arthur_Knights_Tale/?snr=1_7_7_globaltopsellers_150_1", "time": "26 Apr  2022", "evaluate": "Very Positive 83% of the 879 user reviews for this game are positive.", "discount": "-10%", "price": "S$38.00S$34.20"},
{"name": "Tales of Arise", "link": "https://store.steampowered.com/app/740130/Tales_of_Arise/?snr=1_7_7_globaltopsellers_150_1", "time": "9 Sep  2021", "evaluate": "Very Positive 90% of the 16 282 user reviews for this game are positive.", "discount": "-40%", "price": "S$79.90S$47.94"},
{"name": "Age of Empires II: Definitive Edition - Dynasties of India", "link": "https://store.steampowered.com/app/1869820/Age_of_Empires_II_Definitive_Edition__Dynasties_of_India/?snr=1_7_7_globaltopsellers_150_1", "time": "28 Apr  2022", "evaluate": "Very Positive 91% of the 57 user reviews for this game are positive.", "discount": "No discount for now", "price": "S$14.90"},
{"name": "Deep Rock Galactic", "link": "https://store.steampowered.com/app/548430/Deep_Rock_Galactic/?snr=1_7_7_globaltopsellers_150_1", "time": "13 May  2020", "evaluate": "Overwhelmingly Positive 97% of the 103 637 user reviews for this game are positive.", "discount": "-50%", "price": "S$26.00S$13.00"},
{"name": "MONSTER HUNTER RISE Deluxe Edition", "link": "https://store.steampowered.com/bundle/22752/MONSTER_HUNTER_RISE_Deluxe_Edition/?snr=1_7_7_globaltopsellers_150_1", "time": "See link for details", "evaluate": "Very Positive 87% of the 17 741 user reviews for games in this bundle are positive.", "discount": "-53%", "price": "S$101.00S$47.47"},
{"name": "Sniper Elite 4", "link": "https://store.steampowered.com/app/312660/Sniper_Elite_4/?snr=1_7_7_globaltopsellers_150_1", "time": "13 Feb  2017", "evaluate": "Very Positive 90% of the 32 479 user reviews for this game are positive.", "discount": "-90%", "price": "S$55.00S$5.50"},
{"name": "Peglin", "link": "https://store.steampowered.com/app/1296610/Peglin/?snr=1_7_7_globaltopsellers_150_1", "time": "25 Apr  2022", "evaluate": "Very Positive 81% of the 798 user reviews for this game are positive.", "discount": "-10%", "price": "S$18.50S$16.65"},
{"name": "Dread Hunger", "link": "https://store.steampowered.com/app/1418630/Dread_Hunger/?snr=1_7_7_globaltopsellers_150_1", "time": "26 Jan  2022", "evaluate": "Mixed 68% of the 20 526 user reviews for this game are positive.", "discount": "No discount for now", "price": "S$26.00"},
{"name": "LEGO® Star Wars™: The Skywalker Saga", "link": "https://store.steampowered.com/app/920210/LEGO_Star_Wars_The_Skywalker_Saga/?snr=1_7_7_globaltopsellers_150_1", "time": "5 Apr  2022", "evaluate": "Very Positive 93% of the 17 761 user reviews for this game are positive.", "discount": "No discount for now", "price": "S$59.90"},
{"name": "CS:GO Prime Status Upgrade", "link": "https://store.steampowered.com/sub/54029/?snr=1_7_7_globaltopsellers_150_1", "time": "21 Aug  2012", "evaluate": "Very Positive 88% of the 6 372 260 user reviews for games in this bundle are positive.", "discount": "No discount for now", "price": "S$19.95"},
{"name": "Sid Meier’s Civilization® VI Anthology", "link": "https://store.steampowered.com/bundle/21432/Sid_Meiers_Civilization_VI_Anthology/?snr=1_7_7_globaltopsellers_150_1", "time": "See link for details", "evaluate": "Very Positive 81% of the 160 300 user reviews for games in this bundle are positive.", "discount": "-83%", "price": "S$268.70S$45.12"},
{"name": "Sniper Elite Complete Pack", "link": "https://store.steampowered.com/bundle/3293/Sniper_Elite_Complete_Pack/?snr=1_7_7_globaltopsellers_150_1", "time": "See link for details", "evaluate": "Very Positive 86% of the 52 516 user reviews for games in this bundle are positive.", "discount": "-86%", "price": "S$121.50S$16.72"},
{"name": "Tales of Arise", "link": "https://store.steampowered.com/app/740130/Tales_of_Arise/?snr=1_7_7_globaltopsellers_150_1", "time": "9 Sep  2021", "evaluate": "Very Positive 90% of the 16 282 user reviews for this game are positive.", "discount": "-40%", "price": "S$79.90S$47.94"},
{"name": "Attack on Titan 2: Final Battle", "link": "https://store.steampowered.com/sub/374840/?snr=1_7_7_globaltopsellers_150_1", "time": "See link for details", "evaluate": "Very Positive 91% of the 4 113 user reviews for games in this bundle are positive.", "discount": "-45%", "price": "S$89.20S$49.06"},
{"name": "LEGO® Star Wars™: The Skywalker Saga", "link": "https://store.steampowered.com/app/920210/LEGO_Star_Wars_The_Skywalker_Saga/?snr=1_7_7_globaltopsellers_150_1", "time": "5 Apr  2022", "evaluate": "Very Positive 93% of the 17 761 user reviews for this game are positive.", "discount": "No discount for now", "price": "S$59.90"},
{"name": "NieR Replicant™ ver.1.22474487139...", "link": "https://store.steampowered.com/app/1113560/NieR_Replicant_ver122474487139/?snr=1_7_7_globaltopsellers_150_1", "time": "23 Apr  2021", "evaluate": "Very Positive 88% of the 12 866 user reviews for this game are positive.", "discount": "-50%", "price": "S$79.90S$39.95"},
{"name": "Phasmophobia", "link": "https://store.steampowered.com/app/739630/Phasmophobia/?snr=1_7_7_globaltopsellers_150_1", "time": "18 Sep  2020", "evaluate": "Overwhelmingly Positive 97% of the 345 126 user reviews for this game are positive.", "discount": "No discount for now", "price": "S$14.00"},
{"name": "Rust", "link": "https://store.steampowered.com/app/252490/Rust/?snr=1_7_7_globaltopsellers_150_1", "time": "8 Feb  2018", "evaluate": "Very Positive 87% of the 625 508 user reviews for this game are positive.", "discount": "No discount for now", "price": "S$34.00"},
{"name": "Rust", "link": "https://store.steampowered.com/app/252490/Rust/?snr=1_7_7_globaltopsellers_150_1", "time": "8 Feb  2018", "evaluate": "Very Positive 87% of the 625 508 user reviews for this game are positive.", "discount": "No discount for now", "price": "S$34.00"},
{"name": "Tavern Master", "link": "https://store.steampowered.com/app/1525700/Tavern_Master/?snr=1_7_7_globaltopsellers_150_1", "time": "16 Nov  2021", "evaluate": "Very Positive 92% of the 2 948 user reviews for this game are positive.", "discount": "-20%", "price": "S$14.50S$11.60"},
{"name": "Prehistoric Kingdom", "link": "https://store.steampowered.com/app/666150/Prehistoric_Kingdom/?snr=1_7_7_globaltopsellers_150_1", "time": "27 Apr  2022", "evaluate": "Very Positive 80% of the 349 user reviews for this game are positive.", "discount": "No discount for now", "price": "S$26.00"},
{"name": "The Witcher 3: Wild Hunt - Game of the Year Edition", "link": "https://store.steampowered.com/sub/124923/?snr=1_7_7_globaltopsellers_150_1", "time": "30 Aug  2016", "evaluate": "Overwhelmingly Positive 97% of the 570 400 user reviews for games in this bundle are positive.  This product has experienced one or more periods of off-topic review activity.  Based on your preferences  the reviews within these periods have been excluded from this product's Review Score.", "discount": "-80%", "price": "S$62.99S$12.59"},
{"name": "STAR WARS Jedi: Fallen Order™", "link": "https://store.steampowered.com/app/1172380/STAR_WARS_Jedi_Fallen_Order/?snr=1_7_7_globaltopsellers_150_1", "time": "14 Nov  2019", "evaluate": "Very Positive 90% of the 75 980 user reviews for this game are positive.", "discount": "-75%", "price": "S$49.90S$12.47"},
{"name": "Raft", "link": "https://store.steampowered.com/app/648800/Raft/?snr=1_7_7_globaltopsellers_150_1", "time": "23 May  2018", "evaluate": "Very Positive 93% of the 143 623 user reviews for this game are positive.", "discount": "No discount for now", "price": "S$20.00"},
{"name": "Resident Evil Village", "link": "https://store.steampowered.com/sub/678069/?snr=1_7_7_globaltopsellers_150_1", "time": "7 May  2021", "evaluate": "Overwhelmingly Positive 95% of the 49 748 user reviews for games in this bundle are positive.", "discount": "-50%", "price": "S$81.00S$40.50"},
{"name": "Sea of Thieves", "link": "https://store.steampowered.com/app/1172620/Sea_of_Thieves/?snr=1_7_7_globaltopsellers_150_1", "time": "3 Jun  2020", "evaluate": "Very Positive 90% of the 183 645 user reviews for this game are positive.", "discount": "No discount for now", "price": "S$49.50"},
{"name": "Wallpaper Engine", "link": "https://store.steampowered.com/app/431960/Wallpaper_Engine/?snr=1_7_7_globaltopsellers_150_1", "time": "Nov 2018", "evaluate": "Overwhelmingly Positive 98% of the 461 656 user reviews for this software are positive.", "discount": "No discount for now", "price": "S$4.50"},
{"name": "Mirror 2: Project X Bundle", "link": "https://store.steampowered.com/bundle/25440/Mirror_2_Project_X_Bundle/?snr=1_7_7_globaltopsellers_150_1", "time": "See link for details", "evaluate": "Overwhelmingly Positive 95% of the 32 720 user reviews for games in this bundle are positive.", "discount": "-49%", "price": "S$12.90S$6.60"},
{"name": "Trigon: Space Story", "link": "https://store.steampowered.com/app/1226510/Trigon_Space_Story/?snr=1_7_7_globaltopsellers_150_1", "time": "28 Apr  2022", "evaluate": "Mixed 61% of the 147 user reviews for this game are positive.", "discount": "No discount for now", "price": "S$24.99"},
{"name": "Forza Horizon 5", "link": "https://store.steampowered.com/app/1551360/Forza_Horizon_5/?snr=1_7_7_globaltopsellers_150_1", "time": "8 Nov  2021", "evaluate": "Very Positive 87% of the 66 231 user reviews for this game are positive.", "discount": "No discount for now", "price": "S$79.90"},
{"name": "Monster Hunter World: Iceborne Master Edition", "link": "https://store.steampowered.com/bundle/13013/Monster_Hunter_World_Iceborne_Master_Edition/?snr=1_7_7_globaltopsellers_150_1", "time": "See link for details", "evaluate": "Very Positive 84% of the 225 838 user reviews for games in this bundle are positive.  This product has experienced one or more periods of off-topic review activity.  Based on your preferences  the reviews within these periods have been excluded from this product's Review Score.", "discount": "-50%", "price": "S$82.00S$41.00"},
{"name": "DYNASTY WARRIORS 8: Xtreme Legends Complete Edition", "link": "https://store.steampowered.com/app/278080/DYNASTY_WARRIORS_8_Xtreme_Legends_Complete_Edition/?snr=1_7_7_globaltopsellers_150_1", "time": "13 May  2014", "evaluate": "Very Positive 84% of the 8 797 user reviews for this game are positive.", "discount": "-60%", "price": "S$52.40S$20.96"},
{"name": "Nioh: Complete Edition", "link": "https://store.steampowered.com/app/485510/Nioh_Complete_Edition/?snr=1_7_7_globaltopsellers_150_1", "time": "7 Nov  2017", "evaluate": "Mostly Positive 79% of the 21 739 user reviews for this game are positive.", "discount": "-75%", "price": "S$72.70S$18.17"},
{"name": "NARUTO SHIPPUDEN: Ultimate Ninja STORM 4", "link": "https://store.steampowered.com/app/349040/NARUTO_SHIPPUDEN_Ultimate_Ninja_STORM_4/?snr=1_7_7_globaltopsellers_150_1", "time": "4 Feb  2016", "evaluate": "Very Positive 90% of the 52 837 user reviews for this game are positive.", "discount": "No discount for now", "price": "S$35.90"},
{"name": "Sid Meier’s Civilization® VI", "link": "https://store.steampowered.com/app/289070/Sid_Meiers_Civilization_VI/?snr=1_7_7_globaltopsellers_150_1", "time": "20 Oct  2016", "evaluate": "Very Positive 83% of the 151 511 user reviews for this game are positive.", "discount": "-85%", "price": "S$74.90S$11.23"},
{"name": "Atelier Sophie 2: The Alchemist of the Mysterious Dream", "link": "https://store.steampowered.com/app/1621310/Atelier_Sophie_2_The_Alchemist_of_the_Mysterious_Dream/?snr=1_7_7_globaltopsellers_150_1", "time": "24 Feb  2022", "evaluate": "Overwhelmingly Positive 95% of the 858 user reviews for this game are positive.", "discount": "-25%", "price": "S$96.70S$72.52"},
{"name": "Ready or Not", "link": "https://store.steampowered.com/app/1144200/Ready_or_Not/?snr=1_7_7_globaltopsellers_150_1", "time": "17 Dec  2021", "evaluate": "Very Positive 93% of the 41 235 user reviews for this game are positive.", "discount": "No discount for now", "price": "S$44.99"},
